smiles,name
C/C(=C\CO)CCCC(C)CCCC(C)CCCC(C)C,refchem:910754
C/C(=C\CO)CCC[C@H](C)CCC[C@H](C)CCCC(C)C,phytol
C/C=C(/C)C(=O)O,angelic acid
C/C=C(C)/C=C/C=C(C)C,"trans,trans-alloocimene"
C=C(C)C(CC=C(C)C)COC(C)=O,lavandulyl acetate
C=C(C)C1CC=C(C)CC1,limonene
C=C(C)[C@@H](O)COc1c2ccoc2cc2oc(=O)ccc12,pangelin
C=C(C)[C@@H]1CC[C@@]2(C)CCC=C(C)[C@@H]2C1,alpha-selinene
C=C/C(C)=C/CC=C(C)C,(e)-beta-ocimene
C=C/C(C)=C\CC=C(C)C,cis-beta-ocimene
C=C1/C=C/[C@H](C(C)C)CC/C(C)=C/CC1,germacrene d
C=C1C=C[C@@H]([C@@H](C)CCC=C(C)C)CC1,beta-sesquiphellandrene
C=C1CC/C=C(\C)CC[C@@H]2[C@@H]1CC2(C)C,beta-caryophyllene
C=C1CCC2(C(C)C)CC12,sabinene
C=C1CCC2CC1C2(C)C,beta-pinene
C=C1CC[C@@H]2[C@H]1[C@H]1[C@H](C(C)C)CC[C@]12C,beta-bourbonene
C=CC(=C)CC/C=C(\C)CCC=C(C)C,trans-beta-farnesene
C=CC(=C)CCC=C(C)C,myrcene
C=CC(=C)CCCC(C)CCCC(C)CCCC(C)C,neophytadiene
C=CC(C)(O)CCC=C(C)C,linalool
C=CC(CCCCC)OC(C)=O,amyl vinyl carbinol acetate
C=CC(O)C#CC#CC(O)C=CCCCCCCC,panaxynol; carotatoxin
C=CC(O)C#CC#CCC=CCCCCCCC,"heptadeca-1,9-dien-4,6-diyn-3-ol"
C=CCCCCCCCCCCCCCCCCCCCCCCC,pentacosene
C=CCCCCCCCCCCCCCCCCCCCCCCCCC,heptacosene
C=CCc1cc(OC)c(OC)c(OC)c1,elemicin
C=C[C@@H](O)C#CC#CC/C=C\CCCCCCC,falcarinol
C=C[C@@H](O)C#CC#C[C@@H](O)/C=C\CCCCCCC,falcarindiol
C=Cc1c(C)c2cc3nc(c4c5[n-]c(cc6nc(cc1[n-]2)C(C)=C6CC)c(C)c5C(=O)[C@@H]4C(=O)OC)[C@@H](CCC(=O)OC/C=C(\C)CCCC(C)CCCC(C)CCCC(C)C)[C@@H]3C.[Mg+2],"magnesium (3R,21S,22S)-16-ethenyl-11-ethyl-3-methoxycarbonyl-12,17,21,26-tetramethyl-22-[3-oxo-3-[(E)-3,7,11,15-tetramethylhexadec-2-enoxy]propyl]-23,24,25-triaza-7-azanidahexacyclo[18.2.1.15,8.110,13.115,18.02,6]hexacosa-1(23),2(6),4,8(26),9,11,13(25),14,16,18(24),19-undecaen-4-olate"
C=Cc1ccc(O)c(OC)c1,p-vinylguaiacol
CC(=CCO)CCCC(C)CCCC(C)CCCC(C)C,phytol (cis/trans mixture)
CC(=O)CCCC(C)CCCC(C)CCCC(C)C,hexahydrofarnesylacetone
CC(=O)Nc1ccc(S(=O)(=O)[O-])c2cc(S(=O)(=O)[O-])c(N=Nc3ccccc3)c(O)c12.[Na+].[Na+],lignin
CC(=O)O,acetic acid
CC(C)(O)[C@@H]1Cc2c(ccc3ccc(=O)oc23)O1,columbianetin
CC(C)(O)[C@@H]1Cc2cc3ccc(=O)oc3cc2O1,marmesin
CC(C)(O)[C@H](O)COc1c2ccoc2cc2oc(=O)ccc12,oxypeucedanin hydrate
CC(C)(O)[C@H](O)COc1c2occc2cc2ccc(=O)oc12,heraclenol
CC(C)(O[C@@H]1O[C@H](CO)[C@@H](O)[C@H](O)[C@H]1O)[C@H]1Oc2ccc3ccc(=O)oc3c2[C@H]1O,apterin
CC(C)=CCC/C(C)=C/COc1c2ccoc2cc2oc(=O)ccc12,bergamottin
CC(C)=CCCC(C)C1C=CC(C)=CC1,l-zingiberene
CC(C)=CCC[C@@H](C)[C@H]1C=CC(C)=CC1,alpha-zingiberene
CC(C)C(C)CCC(C)C1CCC2C3CC=C4CC(O)CCC4(C)C3CCC12C,campesterol [m+h]+
CC(C)CC(=O)O,isovaleric acid
CC(C)CCCCCCCCCCCCCC(=O)O,isoheptadecanoic acid
CC(C)[C@H](C)CC[C@@H](C)[C@H]1CC[C@H]2[C@@H]3CC=C4C[C@@H](O)CC[C@]4(C)[C@H]3CC[C@]12C,campesterol
CC(O)C(=O)O,lactic acid
CC/C=C/CCCCCCCCCCCCCC(=O)O,15-octadecenoic acid
CC/C=C\C/C=C\C/C=C\CCCCCC(=O)O,roughanic acid
CC/C=C\C/C=C\C/C=C\CCCCCCCC(=O)O,linolenic acid
CC1(O)CCC(C(C)(C)O)CC1,terpin
CC1=CCC(O)(C(C)C)CC1,melaleucol
CC1=CCC2(C(C)C)CC12,alpha-thujene
CC1=CCC2(C)CCC(C(C)C)=C2CC1,daucene
CC1=CCC2CC1C2(C)C,alpha-pinene
CC1OC(OCC2OC(Oc3c(-c4ccc(O)c(O)c4)oc4cc(O)cc(O)c4c3=O)C(O)C(O)C2O)C(O)C(O)C1O,vitamin p
CCC(C=CC(C)C1CCC2C3CC=C4CC(O)CCC4(C)C3CCC12C)C(C)C,"stigmasta-5,22-dien-3b-ol"
CCC(CCC(C)C1CCC2C3=CCC4CC(O)CCC4(C)C3CCC21C)C(C)C,"stigmast-7-en-3-ol,(3.beta"
CCC/C=C/CCCCCCCCCCCCC(=O)O,jqbjowdltjobro-snawjcmrsa-n
CCC/C=C\CCCCCCCCCCC(=O)O,criegeenic acid
CCC1OC(OCC2OC(OCC3OC(OCC4OC(OCC5OC(OCC6OC(C)C(O)C6C)C(O)C5OC5OC(CO)C(O)C5O)C(O)C4O)C(O)C3OC3OC(CO)C(O)C3O)C(O)C2OC2OC(CO)C(O)C2O)C(O)C1O,"2-[[3-[3,4-dihydroxy-5-(hydroxymethyl)oxolan-2-yl]oxy-5-[[3-[3,4-dihydroxy-5-(hydroxymethyl)oxolan-2-yl]oxy-5-[[5-[[3-[3,4-dihydroxy-5-(hydroxymethyl)oxolan-2-yl]oxy-4-hydroxy-5-[(4-hydroxy-3,5-dimethyloxolan-2-yl)methoxy]oxolan-2-yl]methoxy]-3,4-dihydroxyoxolan-2-yl]methoxy]-4-hydroxyoxolan-2-yl]methoxy]-4-hydroxyoxolan-2-yl]methoxy]-5-ethyloxolane-3,4-diol"
CCC=CCC=CCC=CCCCCCC(=O)O,"hexadeca-7,10,13-trienoic acid"
CCC=CCC=CCC=CCCCCCCCC(=O)O,linseed acid
CCCC(=O)O,butyric acid
CCCC(=O)OCCc1ccccc1,phenethyl butyrate
CCCC/C=C/C(=O)O,alpha.beta-heptensaeure
CCCC/C=C\CCCCCCCCCC(=O)O,cis-palmitvaccenic acid
CCCC=CCCCCCCCCCCCCC(=O)O,jqbjowdltjobro-uhfffaoysa-n
CCCCC/C=C/C/C=C\CCCCCCCC(=O)O,"cis,trans-linoleic acid"
CCCCC/C=C/C=C/C(=O)CCCCCCCC(=O)O,luzswwykkltdhu-sigmcmevsa-n
CCCCC/C=C\C/C=C\CCCCCC(=O)O,"7z,10z-hexadecadienoic acid"
CCCCC/C=C\C/C=C\CCCCCCCC(=O)O,linoleic acid
CCCCC/C=C\C=C\CCCCCCCCC(=O)[O-],"(10e,12z)-octadecadienoate"
CCCCC/C=C\CCCCCCCCCCC(=O)O,oxedxhibhvmdst-srevyhepsa-n
CCCCC=CC(=O)O,heptenoic acid
CCCCC=CCCCCCCCCCC(=O)O,orb2283113
CCCCCC#CCC#CCCCCCCCC(=O)O,odya
CCCCCC(=O)OCCc1ccccc1,phenethyl hexanoate
CCCCCC/C=C/CCCCCCCC(=O)O,palmitelaidic acid
CCCCCC/C=C\CCCCCCCC(=O)O,palmitoleic acid
CCCCCC/C=C\CCCCCCCCC(=O)O,heptadecenoic acids
CCCCCC/C=C\CCCCCCCCCC(=O)O,cis-vaccenic acid
CCCCCC/C=C\CCCCCCCCCCCC(=O)O,paullinic acid
CCCCCC=CC=CC(=O)CCCCCCCC(=O)O,"9-oxooctadeca-10,12-dienoic acid"
CCCCCC=CCC=CCCCCCC(=O)O,"hexadeca-7,10-dienoic acid"
CCCCCC=CCC=CCCCCCCCC(=O)O,"9,12-octadecadienoic acid"
CCCCCCC(C(=O)O)c1ccccc1,phenyloctanoic acid
CCCCCCC(C)O,hexylmethylcarbinol
CCCCCCC=CCCCCCCCC(=O)O,hexadecenoicacid
CCCCCCC=CCCCCCCCCC(=O)O,heptadec-10-enoic acid
CCCCCCC=CCCCCCCCCCC(=O)O,refchem:1092734
CCCCCCC=CCCCCCCCCCCCC(=O)O,icos-13-enoic acid
CCCCCCCC(=O)O,octanoic acid
CCCCCCCC/C=C/CCCCCCCC(=O)O,elaidic acid
CCCCCCCC/C=C\CCCCCC(=O)O,hypogeic acid
CCCCCCCC/C=C\CCCCCCCC(=O)O,oleic acid
CCCCCCCC/C=C\CCCCCCCCCC(=O)O,gondoic acid
CCCCCCCC/C=C\CCCCCCCCO,oleyl alcohol
CCCCCCCC=O,octanal
CCCCCCCCC(=O)O,nonanoic acid
CCCCCCCCC=CCCCCCC(=O)O,hypogeic acid
CCCCCCCCC=CCCCCCCCC(=O)O,odorless
CCCCCCCCC=CCCCCCCCCC(=O)O,10-nonadecenoic acid
CCCCCCCCC=CCCCCCCCCCC(=O)O,bithhvvysmswag-uhfffaoysa-n
CCCCCCCCC=CCCCCCCCCO,9-octadecen-1-ol
CCCCCCCCCC(=O)O,decanoic acid
CCCCCCCCCC/C=C\CCCC(=O)O,5z-hexadecenoic acid
CCCCCCCCCC/C=C\CCCCCCCC(=O)O,gadoleic acid
CCCCCCCCCC=O,decanal
CCCCCCCCCCC(=O)O,undecanoic acid
CCCCCCCCCCC/C=C/CCCCCC(=O)O,(e)-nonadec-7-enoic acid
CCCCCCCCCCC/C=C\CCCCC(=O)O,petroselinic acid
CCCCCCCCCCC=CCCCCCCCC(=O)O,lqjbnniyvwphfw-uhfffaoysa-n
CCCCCCCCCCCC(=O)O,lauric acid
CCCCCCCCCCCC=CCCCCC(=O)O,cnvzjpudslntqu-uhfffaoysa-n
CCCCCCCCCCCC=CCCCCCC(=O)O,nonadec-7-enoic acid
CCCCCCCCCCCCC(=O)O,tridecanoic acid
CCCCCCCCCCCCC1CCC(=O)O1,gamma-palmitolactone
CCCCCCCCCCCCCC(=O)O,tetradecanoic acid
CCCCCCCCCCCCCCC(=O)O,pentadecanoic acid
CCCCCCCCCCCCCCCC(=O)O,palmitic acid
CCCCCCCCCCCCCCCC(O)CC(=O)O,pomqytspmkeqnb-uhfffaoysa-n
CCCCCCCCCCCCCCCCC,heptadecane
CCCCCCCCCCCCCCCCC(=O)O,heptadecanoic acid
CCCCCCCCCCCCCCCCCC(=O)O,stearic acid
CCCCCCCCCCCCCCCCCCCC(=O)O,arachidic acid
CCCCCCCCCCCCCCCCCCCC(O)CC(=O)O,pnpwtpywwuomds-uhfffaoysa-n
CCCCCCCCCCCCCCCCCCCCCC(=O)O,docosanoic acid
CCCCCCCCCCCCCCCCCCCCCCC(=O)O,tricosanoic acid
CCCCCCCCCCCCCCCCCCCCCCCC(=O)O,tetracosanoic acid
CCCCCCCCCCCCCCCCCCCCCCCCC,pentacosane
CCCCCCCCCCCCCCCCCCCCCCCCC(=O)O,pentacosanoic acid
CCCCCCCCCCCCCCCCCCCCCCCCCC,hexacosane
CCCCCCCCCCCCCCCCCCCCCCCCCC(=O)O,hexacosanoic acid
CCCCCCCCCCCCCCCCCCCCCCCCCCC,heptacosane
CCCCCCCCCCCCCCCCCCCCCCCCCCCC,octacosane
CCCCCCCCCCCCCCCCCCCCCCCCCCCCC,nonacosane
CCCCCCCCCCCCCCCCCCCCCCCCCCCCCC,triacontane
CCCCCCCCCCCCCCCCCCCCCCCCCCCCCCC,hentriacontane
CCCCCCCCCCCCCCCCCCCCCCCCCCCCCCCC,dotriacontane
CCCCCCCCCCCCCCCCCCCCCCCCCCCCCCCCC,tritriacontane
CCCCCCCCCCCCCCCCCCCCCCCCCCCCCCCCCC,tetratriacontane
CCCCCCCCCCCCCCCCCCCCCCCCCCCCCCO,melissyl alcohol
CCCCCCCCCCCCCCCCCCCCCCCCCCCCO,octacosanol
CCCCCCCCCCCCCCCCCCCCCCCCCCO,ceryl alcohol
CCCCCCCCO,n-octanol
CCCCCCCCOC(=O)C(C)C,octyl isobutyrate
CCCCCCCCOC(=O)C(C)CC,bcojvemhtbsaoe-uhfffaoysa-n
CCCCCCCCOC(=O)CC(C)C,octyl isovalerate
CCCCCCCCOC(=O)CCC,octyl butyrate
CCCCCCCCOC(=O)CCCCC,octyl hexanoate
CCCCCCCCOC(=O)CCCCCCC,octyl octanoate
CCCCCCCCOC(C)=O,octyl acetate
CCCCCCO,hexyl alcohol
CCCCCCOC(=O)C(C)C,hexyl isobutyrate
CCCCCCOC(=O)C(C)CC,hexyl 2-methylbutanoate
CCCCCCOC(=O)CC(C)C,hexyl isovalerate
CCCCCCOC(=O)CCC,hexyl butyrate
CCCCCCOC(=O)CCCCC,hexyl hexanoate
CCCCCCOC(C)=O,hexyl acetate
CCCc1ccc(O)cc1,p-propylphenol
CC[C@@H]1O[C@@H](OC[C@@H]2O[C@@H](OC[C@@H]3O[C@@H](OC[C@@H]4O[C@@H](OC[C@@H]5O[C@@H](OC[C@@H]6O[C@@H](C)C(O)[C@@H]6C)C(O)[C@@H]5O[C@@H]5O[C@@H](CO)[C@@H](O)C5O)C(O)[C@@H]4O)C(O)[C@@H]3O[C@@H]3O[C@@H](CO)[C@@H](O)C3O)C(O)[C@@H]2O[C@@H]2O[C@@H](CO)[C@@H](O)C2O)C(O)[C@@H]1O,c48h80o34
CC[C@H](/C=C/[C@@H](C)[C@H]1CC[C@H]2[C@@H]3CC=C4C[C@@H](O)CC[C@]4(C)[C@H]3CC[C@]12C)C(C)C,stigmasterol
CC[C@H](CC[C@@H](C)[C@H]1CC[C@H]2C3=CC[C@H]4C[C@@H](O)CC[C@]4(C)[C@H]3CC[C@]12C)C(C)C,schottenol
CC[C@H](CC[C@@H](C)[C@H]1CC[C@H]2[C@@H]3CC=C4C[C@@H](O)CC[C@]4(C)[C@H]3CC[C@]12C)C(C)C,beta-sitosterol
COC1C(O)COC(OCC2OC(OC3C(O)C(C)OC(CO)C3O)C(O)C(OC)C2O)C1O,larch arabinogalactan
COC1OC(CO)C(OC2OC(CO)C(OC3OC(CO)C(OC)C(O)C3O)C(O)C2O)C(O)C1O,"galactan, from potato"
COc1c2ccoc2c(OC[C@@H](O)C(C)(C)O)c2oc(=O)ccc12,byakangelicin
COc1cc(/C=C/C(=O)O)ccc1O,ferulic acid
COc1cc(C(=O)O)ccc1O,vanillic acid
COc1cc(C=O)ccc1O,vanillin
COc1ccc(C(=O)O)cc1,p-anisic acid
C[C@@H]1OC(O)[C@H](O)[C@H](O)[C@H]1O,isodulcit
C[C@@H]1O[C@@H](OC[C@H]2O[C@@H](Oc3c(-c4ccc(O)c(O)c4)oc4cc(O)cc(O)c4c3=O)[C@H](O)[C@@H](O)[C@@H]2O)[C@H](O)[C@H](O)[C@H]1O,rutin
C[C@@H]1O[C@@H](O[C@@H]2[C@H](O)[C@@H](O)[C@@H](O)O[C@@H]2C(=O)[O-])[C@H](O)[C@H](O)[C@H]1O,chebi:139158
Cc1ccc(C(=O)O)cc1,p-toluic acid
Cc1ccc(C(C)C)c(O)c1,thymol
Cc1ccc(C(C)C)cc1,p-cymene
NC(=O)CC[C@H](N)C(=O)O,l-glutamine
Nc1nc2ncc(CNc3ccc(C(=O)N[C@@H](CCC(=O)O)C(=O)O)cc3)nc2c(=O)[nH]1,folic acid
O=C(O)CCC(=O)O,succinic acid
O=C(O)CCCCCCC(=O)O,octanedioic acid
O=C(O)CCCCCCCC(=O)O,azelaic acid
O=C(O)CCCCCc1ccccc1,benzenehexanoic acid
O=C(O)Cc1ccccc1,phenylacetic acid
O=C(O)[C@H]1OC(O)[C@H](O)[C@@H](O)[C@H]1O,d-galactopyranuronic acid
O=C(O)c1ccc(O)cc1,p-hydroxybenzoic acid
O=C(O)c1ccccc1,benzoic acid
O=C(OC[C@H]1O[C@@H](OC(=O)c2cc(O)c(O)c(OC(=O)c3cc(O)c(O)c(O)c3)c2)[C@H](OC(=O)c2cc(O)c(O)c(OC(=O)c3cc(O)c(O)c(O)c3)c2)[C@@H](OC(=O)c2cc(O)c(O)c(OC(=O)c3cc(O)c(O)c(O)c3)c2)[C@@H]1OC(=O)c1cc(O)c(O)c(OC(=O)c2cc(O)c(O)c(O)c2)c1)c1cc(O)c(O)c(OC(=O)c2cc(O)c(O)c(O)c2)c1,tannic acid
O=C1O[C@H]([C@@H](O)CO)C(O)=C1O,l-ascorbic acid
O=CC(O)C(O)C(O)CO,dl-arabinose
O=CCCCCCCCC(=O)O,wlgddelkyawbbl-uhfffaoysa-n
OC1C(O)C(O)C(O)C(O)C1O,an inositol
OC1OC[C@@H](O)[C@H](O)[C@H]1O,d-xylopyranose
OC1OC[C@H](O)[C@H](O)[C@H]1O,l-arabinopyranose
OC1[C@@H](O)[C@H](O)O[C@H](O)[C@H]1O,"xylan,birch"
OCC(O)CO,glycerol
OCC1O[C@@H](O[C@@H]2C(CO)OC(O)C(O)C2O)C(O)C(O)C1O,diethylaminoethyl cellulose
OCCc1ccccc1,phenethyl alcohol
OC[C@H]1OC(O)[C@@H](O)[C@@H](O)[C@@H]1O,d-mannopyranose
OC[C@H]1OC(O)[C@H](O)[C@@H](O)[C@@H]1O,d-glucopyranose
OC[C@H]1OC(O)[C@H](O)[C@@H](O)[C@H]1O,d-galactopyranose
OCc1ccccc1O,salicyl alcohol
Oc1ccccc1O,catechol
