cluster,n,synid,smiles_raw,smiles,valid
A,1,17003038,C=C1CCC2CC1C2(C)C,C=C1CCC2CC1C2(C)C,True
A,2,17445660,CCC(CCC(C)C1CCC2C3=CCC4CC(O)CCC4(C)C3CCC21C)C(C)C,CCC(CCC(C)C1CCC2C3=CCC4CC(O)CCC4(C)C3CCC21C)C(C)C,True
A,3,16999638,CC1=CCC(O)(C(C)C)CC1,CC1=CCC(O)(C(C)C)CC1,True
A,4,17099622,CCC(C=CC(C)C1CCC2C3CC=C4CC(O)CCC4(C)C3CCC12C)C(C)C,CCC(C=CC(C)C1CCC2C3CC=C4CC(O)CCC4(C)C3CCC12C)C(C)C,True
A,5,17270083,CC(C)C(C)CCC(C)C1CCC2C3CC=C4CC(O)CCC4(C)C3CCC12C,CC(C)C(C)CCC(C)C1CCC2C3CC=C4CC(O)CCC4(C)C3CCC12C,True
A,6,17009822,C=C(C)C1CC=C(C)CC1,C=C(C)C1CC=C(C)CC1,True
A,7,17005729,CC1=CCC2(C(C)C)CC12,CC1=CCC2(C(C)C)CC12,True
A,8,68392366,CC(C)=CCC[C@@H](C)[C@H]1C=CC(C)=CC1,CC(C)=CCC[C@@H](C)[C@H]1C=CC(C)=CC1,True
A,9,17072397,CC(C)(O)[C@@H]1Cc2c(ccc3ccc(=O)oc23)O1,CC(C)(O)[C@@H]1Cc2c(ccc3ccc(=O)oc23)O1,True
A,10,156324613,C=C1CC[C@@H]2[C@H]1[C@H]1[C@H](C(C)C)CC[C@]12C,C=C1CC[C@@H]2[C@H]1[C@H]1[C@H](C(C)C)CC[C@]12C,True
A,11,7538864,C=C(CCC=C(C)C)[C@@H]1CC=C(C)CC1,C=C(CCC=C(C)C)[C@@H]1CC=C(C)CC1,True
A,12,16995382,CC1(O)CCC(C(C)(C)O)CC1,CC1(O)CCC(C(C)(C)O)CC1,True
A,13,16995385,CC1=CCC2CC1C2(C)C,CC1=CCC2CC1C2(C)C,True
A,14,68131160,C=C(C)[C@@H]1CC[C@@]2(C)CCC=C(C)[C@@H]2C1,C=C(C)[C@@H]1CC[C@@]2(C)CCC=C(C)[C@@H]2C1,True
A,15,156241383,CC(C)[C@H](C)CC[C@@H](C)[C@H]1CC[C@H]2[C@@H]3CC=C4C[C@@H](O)CC[C@]4(C)[C@H]3CC[C@]12C,CC(C)[C@H](C)CC[C@@H](C)[C@H]1CC[C@H]2[C@@H]3CC=C4C[C@@H](O)CC[C@]4(C)[C@H]3CC[C@]12C,True
A,16,156241406,CC[C@H](/C=C/[C@@H](C)[C@H]1CC[C@H]2[C@@H]3CC=C4C[C@@H](O)CC[C@]4(C)[C@H]3CC[C@]12C)C(C)C,CC[C@H](/C=C/[C@@H](C)[C@H]1CC[C@H]2[C@@H]3CC=C4C[C@@H](O)CC[C@]4(C)[C@H]3CC[C@]12C)C(C)C,True
A,17,17006616,C=C1CCC2(C(C)C)CC12,C=C1CCC2(C(C)C)CC12,True
A,18,17445557,CC(C)=CCCC(C)C1C=CC(C)=CC1,CC(C)=CCCC(C)C1C=CC(C)=CC1,True
A,19,8776368,C=C1/C=C/[C@H](C(C)C)CC/C(C)=C/CC1,C=C1/C=C/[C@H](C(C)C)CC/C(C)=C/CC1,True
A,20,156241408,CC[C@H](CC[C@@H](C)[C@H]1CC[C@H]2[C@@H]3CC=C4C[C@@H](O)CC[C@]4(C)[C@H]3CC[C@]12C)C(C)C,CC[C@H](CC[C@@H](C)[C@H]1CC[C@H]2[C@@H]3CC=C4C[C@@H](O)CC[C@]4(C)[C@H]3CC[C@]12C)C(C)C,True
A,21,17147083,CC1=CCC2(C)CCC(C(C)C)=C2CC1,CC1=CCC2(C)CCC(C(C)C)=C2CC1,True
A,22,156333942,CC[C@H](CC[C@@H](C)[C@H]1CC[C@H]2C3=CC[C@H]4C[C@@H](O)CC[C@]4(C)[C@H]3CC[C@]12C)C(C)C,CC[C@H](CC[C@@H](C)[C@H]1CC[C@H]2C3=CC[C@H]4C[C@@H](O)CC[C@]4(C)[C@H]3CC[C@]12C)C(C)C,True
A,23,17289929,CC(C)(O)[C@@H]1Cc2cc3ccc(=O)oc3cc2O1,CC(C)(O)[C@@H]1Cc2cc3ccc(=O)oc3cc2O1,True
A,24,8746473,C=C1CC/C=C(\C)CC[C@@H]2[C@@H]1CC2(C)C,C=C1CC/C=C(\C)CC[C@@H]2[C@@H]1CC2(C)C,True
A,25,81132483,C=Cc1c(C)c2cc3nc(c4c5[n-]c(cc6nc(cc1[n-]2)C(C)=C6CC)c(C)c5C(=O)[C@@H]4C(=O)OC)[C@@H](CCC(=O)OC/C=C(\C)CCCC(C)CCCC(C)CCCC(C)C)[C@@H]3C.[Mg+2],C=Cc1c(C)c2cc3nc(c4c5[n-]c(cc6nc(cc1[n-]2)C(C)=C6CC)c(C)c5C(=O)[C@@H]4C(=O)OC)[C@@H](CCC(=O)OC/C=C(\C)CCCC(C)CCCC(C)CCCC(C)C)[C@@H]3C.[Mg+2],True
B,1,16994811,OC[C@H]1OC(O)[C@H](O)[C@@H](O)[C@H]1O,OC[C@H]1OC(O)[C@H](O)[C@@H](O)[C@H]1O,True
B,2,155854192,O=C1O[C@H]([C@@H](O)CO)C(O)=C1O,O=C1O[C@H]([C@@H](O)CO)C(O)=C1O,True
B,3,8746003,C[C@@H]1O[C@@H](OC[C@H]2O[C@@H](Oc3c(-c4ccc(O)c(O)c4)oc4cc(O)cc(O)c4c3=O)[C@H](O)[C@@H](O)[C@@H]2O)[C@H](O)[C@H](O)[C@H]1O,C[C@@H]1O[C@@H](OC[C@H]2O[C@@H](Oc3c(-c4ccc(O)c(O)c4)oc4cc(O)cc(O)c4c3=O)[C@H](O)[C@@H](O)[C@@H]2O)[C@H](O)[C@H](O)[C@H]1O,True
B,4,144616507,CCC1OC(OCC2OC(OCC3OC(OCC4OC(OCC5OC(OCC6OC(C)C(O)C6C)C(O)C5OC5OC(CO)C(O)C5O)C(O)C4O)C(O)C3OC3OC(CO)C(O)C3O)C(O)C2OC2OC(CO)C(O)C2O)C(O)C1O,CCC1OC(OCC2OC(OCC3OC(OCC4OC(OCC5OC(OCC6OC(C)C(O)C6C)C(O)C5OC5OC(CO)C(O)C5O)C(O)C4O)C(O)C3OC3OC(CO)C(O)C3O)C(O)C2OC2OC(CO)C(O)C2O)C(O)C1O,True
B,5,159542560,C[C@@H]1O[C@@H](O[C@@H]2[C@H](O)[C@@H](O)[C@@H](O)O[C@@H]2C(=O)[O-])[C@H](O)[C@H](O)[C@H]1O,C[C@@H]1O[C@@H](O[C@@H]2[C@H](O)[C@@H](O)[C@@H](O)O[C@@H]2C(=O)[O-])[C@H](O)[C@H](O)[C@H]1O,True
B,6,17006741,OC[C@H]1OC(O)[C@@H](O)[C@@H](O)[C@@H]1O,OC[C@H]1OC(O)[C@@H](O)[C@@H](O)[C@@H]1O,True
B,7,17109915,OC1OC[C@@H](O)[C@H](O)[C@H]1O,OC1OC[C@@H](O)[C@H](O)[C@H]1O,True
B,8,16989969,OC1C(O)C(O)C(O)C(O)C1O,OC1C(O)C(O)C(O)C(O)C1O,True
B,9,53622940,O=C(OC[C@H]1O[C@@H](OC(=O)c2cc(O)c(O)c(OC(=O)c3cc(O)c(O)c(O)c3)c2)[C@H](OC(=O)c2cc(O)c(O)c(OC(=O)c3cc(O)c(O)c(O)c3)c2)[C@@H](OC(=O)c2cc(O)c(O)c(OC(=O)c3cc(O)c(O)c(O)c3)c2)[C@@H]1OC(=O)c1cc(O)c(O)c(OC(=O)c2cc(O)c(O)c(O)c2)c1)c1cc(O)c(O)c(OC(=O)c2cc(O)c(O)c(O)c2)c1,O=C(OC[C@H]1O[C@@H](OC(=O)c2cc(O)c(O)c(OC(=O)c3cc(O)c(O)c(O)c3)c2)[C@H](OC(=O)c2cc(O)c(O)c(OC(=O)c3cc(O)c(O)c(O)c3)c2)[C@@H](OC(=O)c2cc(O)c(O)c(OC(=O)c3cc(O)c(O)c(O)c3)c2)[C@@H]1OC(=O)c1cc(O)c(O)c(OC(=O)c2cc(O)c(O)c(O)c2)c1)c1cc(O)c(O)c(OC(=O)c2cc(O)c(O)c(O)c2)c1,True
B,10,75341385,C=C1C=C[C@@H]([C@@H](C)CCC=C(C)C)CC1,C=C1C=C[C@@H]([C@@H](C)CCC=C(C)C)CC1,True
B,11,17077488,CCCCCCCCCCCCC1CCC(=O)O1,CCCCCCCCCCCCC1CCC(=O)O1,True
B,12,8755466,CC1OC(OCC2OC(Oc3c(-c4ccc(O)c(O)c4)oc4cc(O)cc(O)c4c3=O)C(O)C(O)C2O)C(O)C(O)C1O,CC1OC(OCC2OC(Oc3c(-c4ccc(O)c(O)c4)oc4cc(O)cc(O)c4c3=O)C(O)C(O)C2O)C(O)C(O)C1O,True
B,13,159542358,CC[C@@H]1O[C@@H](OC[C@@H]2O[C@@H](OC[C@@H]3O[C@@H](OC[C@@H]4O[C@@H](OC[C@@H]5O[C@@H](OC[C@@H]6O[C@@H](C)C(O)[C@@H]6C)C(O)[C@@H]5O[C@@H]5O[C@@H](CO)[C@@H](O)C5O)C(O)[C@@H]4O)C(O)[C@@H]3O[C@@H]3O[C@@H](CO)[C@@H](O)C3O)C(O)[C@@H]2O[C@@H]2O[C@@H](CO)[C@@H](O)C2O)C(O)[C@@H]1O,CC[C@@H]1O[C@@H](OC[C@@H]2O[C@@H](OC[C@@H]3O[C@@H](OC[C@@H]4O[C@@H](OC[C@@H]5O[C@@H](OC[C@@H]6O[C@@H](C)C(O)[C@@H]6C)C(O)[C@@H]5O[C@@H]5O[C@@H](CO)[C@@H](O)C5O)C(O)[C@@H]4O)C(O)[C@@H]3O[C@@H]3O[C@@H](CO)[C@@H](O)C3O)C(O)[C@@H]2O[C@@H]2O[C@@H](CO)[C@@H](O)C2O)C(O)[C@@H]1O,True
B,14,16994595,OC[C@H]1OC(O)[C@H](O)[C@@H](O)[C@@H]1O,OC[C@H]1OC(O)[C@H](O)[C@@H](O)[C@@H]1O,True
B,15,17380404,O=C(O)[C@H]1OC(O)[C@H](O)[C@@H](O)[C@H]1O,O=C(O)[C@H]1OC(O)[C@H](O)[C@@H](O)[C@H]1O,True
B,16,17380386,OC1OC[C@H](O)[C@H](O)[C@H]1O,OC1OC[C@H](O)[C@H](O)[C@H]1O,True
B,17,160342034,OC1[C@@H](O)[C@H](O)O[C@H](O)[C@H]1O,OC1[C@@H](O)[C@H](O)O[C@H](O)[C@H]1O,True
B,18,91506637,COC1C(O)COC(OCC2OC(OC3C(O)C(C)OC(CO)C3O)C(O)C(OC)C2O)C1O,COC1C(O)COC(OCC2OC(OC3C(O)C(C)OC(CO)C3O)C(O)C(OC)C2O)C1O,True
B,19,53672256,OCC1O[C@@H](O[C@@H]2C(CO)OC(O)C(O)C2O)C(O)C(O)C1O,OCC1O[C@@H](O[C@@H]2C(CO)OC(O)C(O)C2O)C(O)C(O)C1O,True
B,20,17012435,C[C@@H]1OC(O)[C@H](O)[C@H](O)[C@H]1O,C[C@@H]1OC(O)[C@H](O)[C@H](O)[C@H]1O,True
B,21,23759896,CC(C)(O[C@@H]1O[C@H](CO)[C@@H](O)[C@H](O)[C@H]1O)[C@H]1Oc2ccc3ccc(=O)oc3c2[C@H]1O,CC(C)(O[C@@H]1O[C@H](CO)[C@@H](O)[C@H](O)[C@H]1O)[C@H]1Oc2ccc3ccc(=O)oc3c2[C@H]1O,True
B,22,30395376,COC1OC(CO)C(OC2OC(CO)C(OC3OC(CO)C(OC)C(O)C3O)C(O)C2O)C(O)C1O,COC1OC(CO)C(OC2OC(CO)C(OC3OC(CO)C(OC)C(O)C3O)C(O)C2O)C(O)C1O,True
C,1,16996864,CCCCCCCCCC=O,CCCCCCCCCC=O,True
C,2,17012024,CCCCCCOC(=O)C(C)CC,CCCCCCOC(=O)C(C)CC,True
C,3,155804781,CCCCCCCCO,CCCCCCCCO,True
C,4,8746076,CC/C=C\C/C=C\C/C=C\CCCCCCCC(=O)O,CC/C=C\C/C=C\C/C=C\CCCCCCCC(=O)O,True
C,5,8749162,CCCCCCCC/C=C\CCCCCCCCO,CCCCCCCC/C=C\CCCCCCCCO,True
C,6,155809484,CCCC(=O)O,CCCC(=O)O,True
C,7,17116956,CCCCCCCCC=CCCCCCCCCCC(=O)O,CCCCCCCCC=CCCCCCCCCCC(=O)O,True
C,8,17099436,CCCCCCC=CCCCCCCCCCC(=O)O,CCCCCCC=CCCCCCCCCCC(=O)O,True
C,9,77700629,CCCCCCC=CCCCCCCCCC(=O)O,CCCCCCC=CCCCCCCCCC(=O)O,True
C,10,16996904,CCCCCCCCCCCCCCCCCCCCCC(=O)O,CCCCCCCCCCCCCCCCCCCCCC(=O)O,True
C,11,53429491,CCC/C=C/CCCCCCCCCCCCC(=O)O,CCC/C=C/CCCCCCCCCCCCC(=O)O,True
C,12,8747526,CCCCC/C=C/C/C=C\CCCCCCCC(=O)O,CCCCC/C=C/C/C=C\CCCCCCCC(=O)O,True
C,13,17016035,CCCCC=CC(=O)O,CCCCC=CC(=O)O,True
C,14,16996853,CCCCCCCCOC(C)=O,CCCCCCCCOC(C)=O,True
C,15,155861956,O=C(O)CCC(=O)O,O=C(O)CCC(=O)O,True
C,16,8745745,C/C(=C\CO)CCC[C@H](C)CCC[C@H](C)CCCC(C)C,C/C(=C\CO)CCC[C@H](C)CCC[C@H](C)CCCC(C)C,True
C,17,17000774,CCCCCCCCCCCCCCCCCCCCCCCCCCCCCCC,CCCCCCCCCCCCCCCCCCCCCCCCCCCCCCC,True
C,18,8746475,C=CC(=C)CC/C=C(\C)CCC=C(C)C,C=CC(=C)CC/C=C(\C)CCC=C(C)C,True
C,19,16998920,C=CC(=C)CCCC(C)CCCC(C)CCCC(C)C,C=CC(=C)CCCC(C)CCCC(C)CCCC(C)C,True
C,20,155804958,CCCCCCCC(=O)O,CCCCCCCC(=O)O,True
C,21,16998887,CC(=O)CCCC(C)CCCC(C)CCCC(C)C,CC(=O)CCCC(C)CCCC(C)CCCC(C)C,True
C,22,16993535,CCCCCCC=CCCCCCCCC(=O)O,CCCCCCC=CCCCCCCCC(=O)O,True
C,23,155804780,CCCCCCC(C)O,CCCCCCC(C)O,True
C,24,8746209,C=C[C@@H](O)C#CC#CC/C=C\CCCCCCC,C=C[C@@H](O)C#CC#CC/C=C\CCCCCCC,True
C,25,16998939,CCCCCCCCCCCCCCCCC(=O)O,CCCCCCCCCCCCCCCCC(=O)O,True
C,26,8811916,C/C(=C\CO)CCCC(C)CCCC(C)CCCC(C)C,C/C(=C\CO)CCCC(C)CCCC(C)CCCC(C)C,True
C,27,8813894,C/C=C(C)/C=C/C=C(C)C,C/C=C(C)/C=C/C=C(C)C,True
C,28,8776952,CCCCCCCC/C=C\CCCCCC(=O)O,CCCCCCCC/C=C\CCCCCC(=O)O,True
C,29,8778386,C=C/C(C)=C\CC=C(C)C,C=C/C(C)=C\CC=C(C)C,True
C,30,17050608,CCCCCCCCCCCCCCCCCCCCCCCCCCCCO,CCCCCCCCCCCCCCCCCCCCCCCCCCCCO,True
C,31,16995284,C=CC(C)(O)CCC=C(C)C,C=CC(C)(O)CCC=C(C)C,True
C,32,16996869,CCCCCCCCCCC(=O)O,CCCCCCCCCCC(=O)O,True
C,33,16999438,CCCCCCCCCCCCCCCCCCCCCCCCCCCCCCCC,CCCCCCCCCCCCCCCCCCCCCCCCCCCCCCCC,True
C,34,17000773,CCCCCCCCCCCCCCCCCCCCCCCCCCCCC,CCCCCCCCCCCCCCCCCCCCCCCCCCCCC,True
C,35,16997515,CCCCCCCCC=CCCCCCCCCO,CCCCCCCCC=CCCCCCCCCO,True
C,36,16989591,CCCCCCCC=O,CCCCCCCC=O,True
C,37,17000775,CCCCCCCCCCCCCCCCCCCCCCCCCCCCCCCCC,CCCCCCCCCCCCCCCCCCCCCCCCCCCCCCCCC,True
C,38,17043923,CCCCCCCCOC(=O)C(C)C,CCCCCCCCOC(=O)C(C)C,True
C,39,17464689,CCCCCCCCC=CCCCCCC(=O)O,CCCCCCCCC=CCCCCCC(=O)O,True
C,40,17553263,C/C=C(/C)C(=O)O,C/C=C(/C)C(=O)O,True
C,41,17385424,CCCCCCCC/C=C\CCCCCCCC(=O)O,CCCCCCCC/C=C\CCCCCCCC(=O)O,True
C,42,8746189,CCCCCCCCCCC/C=C\CCCCC(=O)O,CCCCCCCCCCC/C=C\CCCCC(=O)O,True
C,43,8745756,CCCCC/C=C\C/C=C\CCCCCCCC(=O)O,CCCCC/C=C\C/C=C\CCCCCCCC(=O)O,True
C,44,17005029,CCCCCCCCCCCCCCCCCCCCCCC(=O)O,CCCCCCCCCCCCCCCCCCCCCCC(=O)O,True
C,45,68132547,CCC/C=C\CCCCCCCCCCC(=O)O,CCC/C=C\CCCCCCCCCCC(=O)O,True
C,46,17013472,CCCCCCCCCCCCCCCCCCCCCCCCCCCCCCCCCC,CCCCCCCCCCCCCCCCCCCCCCCCCCCCCCCCCC,True
C,47,16999607,CCCCCCCCCCCCCCCCCCCCCCCC(=O)O,CCCCCCCCCCCCCCCCCCCCCCCC(=O)O,True
C,48,17000770,CCCCCCCCCCCCCCCCCCCCCCCCC,CCCCCCCCCCCCCCCCCCCCCCCCC,True
C,49,17444859,CCCCCCCCOC(=O)C(C)CC,CCCCCCCCOC(=O)C(C)CC,True
C,50,16998907,CC(C)CC(=O)O,CC(C)CC(=O)O,True
C,51,16998931,O=C(O)CCCCCCC(=O)O,O=C(O)CCCCCCC(=O)O,True
C,52,17385423,CCCCCC/C=C\CCCCCCCC(=O)O,CCCCCC/C=C\CCCCCCCC(=O)O,True
C,53,17008634,CCCCCCCCOC(=O)CCCCC,CCCCCCCCOC(=O)CCCCC,True
C,54,17385895,CCCCC/C=C\CCCCCCCCCCC(=O)O,CCCCC/C=C\CCCCCCCCCCC(=O)O,True
C,55,17136243,CC(C)CCCCCCCCCCCCCC(=O)O,CC(C)CCCCCCCCCCCCCC(=O)O,True
C,56,155824580,CC(=O)O,CC(=O)O,True
C,57,77695355,CCCCCCC=CCCCCCCCCCCCC(=O)O,CCCCCCC=CCCCCCCCCCCCC(=O)O,True
C,58,16996847,CCCCCCCCC(=O)O,CCCCCCCCC(=O)O,True
C,59,17005064,C=CC(CCCCC)OC(C)=O,C=CC(CCCCC)OC(C)=O,True
C,60,17074231,CCCCCCCCCCC=CCCCCCCCC(=O)O,CCCCCCCCCCC=CCCCCCCCC(=O)O,True
C,61,155805535,CCCCCCO,CCCCCCO,True
C,62,17000017,CCCCCCCCCCCC=CCCCCC(=O)O,CCCCCCCCCCCC=CCCCCC(=O)O,True
C,63,8771786,CCCCCC/C=C\CCCCCCCCC(=O)O,CCCCCC/C=C\CCCCCCCCC(=O)O,True
C,64,8747497,CCCCCCCC/C=C\CCCCCCCCCC(=O)O,CCCCCCCC/C=C\CCCCCCCCCC(=O)O,True
C,65,8747496,CCCCCCCCCC/C=C\CCCCCCCC(=O)O,CCCCCCCCCC/C=C\CCCCCCCC(=O)O,True
C,66,17212139,CCCCCCCCC=CCCCCCCCCC(=O)O,CCCCCCCCC=CCCCCCCCCC(=O)O,True
C,67,17192216,CCCCCCCCOC(=O)CC(C)C,CCCCCCCCOC(=O)CC(C)C,True
C,68,17044317,CCCCCCOC(=O)CC(C)C,CCCCCCOC(=O)CC(C)C,True
C,69,16997498,CCCCCCOC(C)=O,CCCCCCOC(C)=O,True
C,70,17057183,O=CCCCCCCCC(=O)O,O=CCCCCCCCC(=O)O,True
C,71,17119304,CC(=CCO)CCCC(C)CCCC(C)CCCC(C)C,CC(=CCO)CCCC(C)CCCC(C)CCCC(C)C,True
C,72,4119705,CCCC=CCCCCCCCCCCCCC(=O)O,CCCC=CCCCCCCCCCCCCC(=O)O,True
C,73,8771865,CCCCCCCCCCC/C=C/CCCCCC(=O)O,CCCCCCCCCCC/C=C/CCCCCC(=O)O,True
C,74,8746505,C=C/C(C)=C/CC=C(C)C,C=C/C(C)=C/CC=C(C)C,True
C,75,17452261,C=CCCCCCCCCCCCCCCCCCCCCCCC,C=CCCCCCCCCCCCCCCCCCCCCCCC,True
C,76,8747492,CC/C=C/CCCCCCCCCCCCCC(=O)O,CC/C=C/CCCCCCCCCCCCCC(=O)O,True
C,77,17452260,C=CCCCCCCCCCCCCCCCCCCCCCCCCC,C=CCCCCCCCCCCCCCCCCCCCCCCCCC,True
C,78,16989946,CCC=CCC=CCC=CCCCCCCCC(=O)O,CCC=CCC=CCC=CCCCCCCCC(=O)O,True
C,79,16998943,CCCCCCCCCCCCCCCCCCCCCCCCCC(=O)O,CCCCCCCCCCCCCCCCCCCCCCCCCC(=O)O,True
C,80,17000885,CCCCCCCCCCCCCCCCCCCCCCCCCCCCCC,CCCCCCCCCCCCCCCCCCCCCCCCCCCCCC,True
C,81,17000019,CCCCCCCCCCCCCCCCCCCCCCCCCCC,CCCCCCCCCCCCCCCCCCCCCCCCCCC,True
C,82,16998941,CCCCCCCCCCCCCCCCCCCC(=O)O,CCCCCCCCCCCCCCCCCCCC(=O)O,True
C,83,8747490,CCCCCC/C=C\CCCCCCCCCC(=O)O,CCCCCC/C=C\CCCCCCCCCC(=O)O,True
C,84,17043929,CCCCCCCCOC(=O)CCC,CCCCCCCCOC(=O)CCC,True
C,85,75591877,CCCCCCCCCC/C=C\CCCC(=O)O,CCCCCCCCCC/C=C\CCCC(=O)O,True
C,86,17464796,CCCCC=CCCCCCCCCCC(=O)O,CCCCC=CCCCCCCCCCC(=O)O,True
C,87,155856911,OCC(O)CO,OCC(O)CO,True
C,88,155850036,NC(=O)CC[C@H](N)C(=O)O,NC(=O)CC[C@H](N)C(=O)O,True
C,89,8747438,CCCC/C=C/C(=O)O,CCCC/C=C/C(=O)O,True
C,90,16992263,C=CC(O)C#CC#CCC=CCCCCCCC,C=CC(O)C#CC#CCC=CCCCCCCC,True
C,91,8747474,CCCCCC/C=C/CCCCCCCC(=O)O,CCCCCC/C=C/CCCCCCCC(=O)O,True
C,92,17016827,C=C(C)C(CC=C(C)C)COC(C)=O,C=C(C)C(CC=C(C)C)COC(C)=O,True
C,93,17000772,CCCCCCCCCCCCCCCCCCCCCCCCCCCC,CCCCCCCCCCCCCCCCCCCCCCCCCCCC,True
C,94,16994107,CCCCCCCCCCCCCCCCCC(=O)O,CCCCCCCCCCCCCCCCCC(=O)O,True
C,95,4610418,CCCCCCCCCCCC=CCCCCCC(=O)O,CCCCCCCCCCCC=CCCCCCC(=O)O,True
C,96,16990939,CCCCCC#CCC#CCCCCCCCC(=O)O,CCCCCC#CCC#CCCCCCCCC(=O)O,True
C,97,16990058,CCCCCCCCCCCCCCCC(=O)O,CCCCCCCCCCCCCCCC(=O)O,True
C,98,16990039,CCCCCCCCC=CCCCCCCCC(=O)O,CCCCCCCCC=CCCCCCCCC(=O)O,True
C,99,17160906,CCCCCC=CC=CC(=O)CCCCCCCC(=O)O,CCCCCC=CC=CC(=O)CCCCCCCC(=O)O,True
C,100,52907274,CCCCC/C=C\C/C=C\CCCCCC(=O)O,CCCCC/C=C\C/C=C\CCCCCC(=O)O,True
C,101,8771765,CCCC/C=C\CCCCCCCCCC(=O)O,CCCC/C=C\CCCCCCCCCC(=O)O,True
C,102,8746208,C=C[C@@H](O)C#CC#C[C@@H](O)/C=C\CCCCCCC,C=C[C@@H](O)C#CC#C[C@@H](O)/C=C\CCCCCCC,True
C,103,17002101,CCCCCCCCCCCCCCC(=O)O,CCCCCCCCCCCCCCC(=O)O,True
C,104,16992839,CCCCCC=CCC=CCCCCCCCC(=O)O,CCCCCC=CCC=CCCCCCCCC(=O)O,True
C,105,17005429,CCCCCCOC(=O)CCC,CCCCCCOC(=O)CCC,True
C,106,92108893,CCC=CCC=CCC=CCCCCCC(=O)O,CCC=CCC=CCC=CCCCCCC(=O)O,True
C,107,8771779,CC/C=C\C/C=C\C/C=C\CCCCCC(=O)O,CC/C=C\C/C=C\C/C=C\CCCCCC(=O)O,True
C,108,16999435,CCCCCCCCCCCCCC(=O)O,CCCCCCCCCCCCCC(=O)O,True
C,109,8747650,CCCCCCCCCCCCCCCCCCCC(O)CC(=O)O,CCCCCCCCCCCCCCCCCCCC(O)CC(=O)O,True
C,110,17000880,CCCCCCCCCCCCC(=O)O,CCCCCCCCCCCCC(=O)O,True
C,111,155823350,CC(O)C(=O)O,CC(O)C(=O)O,True
C,112,44076887,CCCCC/C=C\C=C\CCCCCCCCC(=O)[O-],CCCCC/C=C\C=C\CCCCCCCCC(=O)[O-],True
C,113,155861668,O=C(O)CCCCCCCC(=O)O,O=C(O)CCCCCCCC(=O)O,True
C,114,17000762,CCCCCCCCCCCCCCCCC,CCCCCCCCCCCCCCCCC,True
C,115,8747636,CCCCCCCCCCCCCCCC(O)CC(=O)O,CCCCCCCCCCCCCCCC(O)CC(=O)O,True
C,116,16998942,CCCCCCCCCCCCCCCCCCCCCCCCC(=O)O,CCCCCCCCCCCCCCCCCCCCCCCCC(=O)O,True
C,117,155804528,CCCCCCCCCC(=O)O,CCCCCCCCCC(=O)O,True
C,118,17010312,CCCCCCOC(=O)CCCCC,CCCCCCOC(=O)CCCCC,True
C,119,17044172,CCCCCCCCOC(=O)CCCCCCC,CCCCCCCCOC(=O)CCCCCCC,True
C,120,17050399,CCCCCCCCCCCCCCCCCCCCCCCCCCO,CCCCCCCCCCCCCCCCCCCCCCCCCCO,True
C,121,155804247,CCCCCCCCCCCC(=O)O,CCCCCCCCCCCC(=O)O,True
C,122,17547311,CCCCCCCC/C=C/CCCCCCCC(=O)O,CCCCCCCC/C=C/CCCCCCCC(=O)O,True
C,123,150658497,Nc1nc2ncc(CNc3ccc(C(=O)N[C@@H](CCC(=O)O)C(=O)O)cc3)nc2c(=O)[nH]1,Nc1nc2ncc(CNc3ccc(C(=O)N[C@@H](CCC(=O)O)C(=O)O)cc3)nc2c(=O)[nH]1,True
C,124,4114417,CCCCCC=CCC=CCCCCCC(=O)O,CCCCCC=CCC=CCCCCCC(=O)O,True
C,125,17000771,CCCCCCCCCCCCCCCCCCCCCCCCCC,CCCCCCCCCCCCCCCCCCCCCCCCCC,True
C,126,16992262,C=CC(O)C#CC#CC(O)C=CCCCCCCC,C=CC(O)C#CC#CC(O)C=CCCCCCCC,True
C,127,17051120,CCCCCCCCCCCCCCCCCCCCCCCCCCCCCCO,CCCCCCCCCCCCCCCCCCCCCCCCCCCCCCO,True
C,128,17017718,C=CC(=C)CCC=C(C)C,C=CC(=C)CCC=C(C)C,True
C,129,8771869,CCCCCC/C=C\CCCCCCCCCCCC(=O)O,CCCCCC/C=C\CCCCCCCCCCCC(=O)O,True
C,130,8747740,CCCCC/C=C/C=C/C(=O)CCCCCCCC(=O)O,CCCCC/C=C/C=C/C(=O)CCCCCCCC(=O)O,True
C,131,155856930,O=CC(O)C(O)C(O)CO,O=CC(O)C(O)C(O)CO,True
C,132,17004832,CCCCCCOC(=O)C(C)C,CCCCCCOC(=O)C(C)C,True
D,1,16989477,C=Cc1ccc(O)c(OC)c1,C=Cc1ccc(O)c(OC)c1,True
D,2,155854530,OCc1ccccc1O,OCc1ccccc1O,True
D,3,155788386,Cc1ccc(C(C)C)c(O)c1,Cc1ccc(C(C)C)c(O)c1,True
D,4,155855070,OCCc1ccccc1,OCCc1ccccc1,True
D,5,85081211,CCCCCCC(C(=O)O)c1ccccc1,CCCCCCC(C(=O)O)c1ccccc1,True
D,6,155861606,O=C(O)CCCCCc1ccccc1,O=C(O)CCCCCc1ccccc1,True
D,7,17044253,CCCCCC(=O)OCCc1ccccc1,CCCCCC(=O)OCCc1ccccc1,True
D,8,155860456,O=C(O)c1ccc(O)cc1,O=C(O)c1ccc(O)cc1,True
D,9,16998739,C=CCc1cc(OC)c(OC)c(OC)c1,C=CCc1cc(OC)c(OC)c(OC)c1,True
D,10,17385578,COc1cc(/C=C/C(=O)O)ccc1O,COc1cc(/C=C/C(=O)O)ccc1O,True
D,11,155800749,CCCc1ccc(O)cc1,CCCc1ccc(O)cc1,True
D,12,16996354,CCCC(=O)OCCc1ccccc1,CCCC(=O)OCCc1ccccc1,True
D,13,155839924,COc1cc(C(=O)O)ccc1O,COc1cc(C(=O)O)ccc1O,True
D,14,155790616,Cc1ccc(C(=O)O)cc1,Cc1ccc(C(=O)O)cc1,True
D,15,155837699,COc1ccc(C(=O)O)cc1,COc1ccc(C(=O)O)cc1,True
D,16,155788338,Cc1ccc(C(C)C)cc1,Cc1ccc(C(C)C)cc1,True
D,17,17145249,CC(=O)Nc1ccc(S(=O)(=O)[O-])c2cc(S(=O)(=O)[O-])c(N=Nc3ccccc3)c(O)c12.[Na+].[Na+],CC(=O)Nc1ccc(S(=O)(=O)[O-])c2cc(S(=O)(=O)[O-])c(N=Nc3ccccc3)c(O)c12.[Na+].[Na+],True
D,18,155851633,Oc1ccccc1O,Oc1ccccc1O,True
D,19,155839463,COc1cc(C=O)ccc1O,COc1cc(C=O)ccc1O,True
D,20,155859827,O=C(O)c1ccccc1,O=C(O)c1ccccc1,True
D,21,155861226,O=C(O)Cc1ccccc1,O=C(O)Cc1ccccc1,True
E,1,16994397,Cc1cc2cc3c(C)cc(=O)oc3c(C)c2o1,Cc1cc2cc3c(C)cc(=O)oc3c(C)c2o1,True
E,2,17078318,COc1c2ccoc2c(OCC=C(C)C)c2oc(=O)ccc12,COc1c2ccoc2c(OCC=C(C)C)c2oc(=O)ccc12,True
E,3,17005439,CC(C)(O)[C@H](O)COc1c2ccoc2cc2oc(=O)ccc12,CC(C)(O)[C@H](O)COc1c2ccoc2cc2oc(=O)ccc12,True
E,4,16999113,O=c1ccc2ccc3occc3c2o1,O=c1ccc2ccc3occc3c2o1,True
E,5,16993683,COc1c(OC)c2occc2c2oc(=O)ccc12,COc1c(OC)c2occc2c2oc(=O)ccc12,True
E,6,16998704,COc1c2ccoc2c(OC[C@@H](O)C(C)(C)O)c2oc(=O)ccc12,COc1c2ccoc2c(OC[C@@H](O)C(C)(C)O)c2oc(=O)ccc12,True
E,7,16994953,O=c1ccc2cc3ccoc3cc2o1,O=c1ccc2cc3ccoc3cc2o1,True
E,8,16998705,CC(C)=CCOc1c2occc2cc2ccc(=O)oc12,CC(C)=CCOc1c2occc2cc2ccc(=O)oc12,True
E,9,17054941,CC(C)(O)[C@H](O)COc1c2occc2cc2ccc(=O)oc12,CC(C)(O)[C@H](O)COc1c2occc2cc2ccc(=O)oc12,True
E,10,16991340,COc1c2ccoc2cc2oc(=O)ccc12,COc1c2ccoc2cc2oc(=O)ccc12,True
E,11,17050311,COc1c2ccoc2c(OC)c2oc(=O)ccc12,COc1c2ccoc2c(OC)c2oc(=O)ccc12,True
E,12,16993011,COc1c2occc2cc2ccc(=O)oc12,COc1c2occc2cc2ccc(=O)oc12,True
E,13,17050313,CC(C)=CCOc1c2ccoc2cc2oc(=O)ccc12,CC(C)=CCOc1c2ccoc2cc2oc(=O)ccc12,True
E,14,8745763,COc1cc2ccc(=O)oc2cc1O,COc1cc2ccc(=O)oc2cc1O,True
E,15,155851421,O=c1ccc2ccc(O)cc2o1,O=c1ccc2ccc(O)cc2o1,True
E,16,16998720,COc1ccc2ccc(=O)oc2c1CC=C(C)C,COc1ccc2ccc(=O)oc2c1CC=C(C)C,True
E,17,17132641,CC1(C)OC1COc1c2ccoc2cc2oc(=O)ccc12,CC1(C)OC1COc1c2ccoc2cc2oc(=O)ccc12,True
E,18,17086900,COc1cc2ccc(=O)oc2c2ccoc12,COc1cc2ccc(=O)oc2c2ccoc12,True
E,19,17299952,COc1ccc2nccc(C(=O)O)c2c1,COc1ccc2nccc(C(=O)O)c2c1,True
E,20,88198059,C=C(C)[C@@H](O)COc1c2ccoc2cc2oc(=O)ccc12,C=C(C)[C@@H](O)COc1c2ccoc2cc2oc(=O)ccc12,True
E,21,8867701,CC(C)=CCC/C(C)=C/COc1c2ccoc2cc2oc(=O)ccc12,CC(C)=CCC/C(C)=C/COc1c2ccoc2cc2oc(=O)ccc12,True
E,22,17050314,COc1cc2occc2c2oc(=O)ccc12,COc1cc2occc2c2oc(=O)ccc12,True
